{
  "settings": {
    "threads": 4,
    "memory_mb": 14000,
    "xc": "b3lyp",
    "basis": "pcSseg-2",
    "grid_level": 4,
    "verbose": 4
  },
  "zablokowane_bazy_odniesienia": {
    "TMS": 181.415,
    "CH4": 187.915,
    "Etan": 171.642,
    "Propan": 163.855,
    "Benzen": 41.413
  },
  "czasteczki_do_obliczen": {
    "Toluen": {
      "xyz": [
        "C        0.000000      0.000000      0.000000",
        "C        1.390000      0.000000      0.000000",
        "C        2.085000      1.203775      0.000000",
        "C        1.390000      2.407550      0.000000",
        "C        0.000000      2.407550      0.000000",
        "C       -0.695000      1.203775      0.000000",
        "C       -0.750000     -1.300000      0.000000",
        "H        1.930000     -0.935307      0.000000",
        "H        3.165000      1.203775      0.000000",
        "H        1.930000      3.342857      0.000000",
        "H       -0.540000      3.342857      0.000000",
        "H       -1.775000      1.203775      0.000000",
        "H       -1.820000     -1.150000      0.000000",
        "H        -0.430000     -1.870000      0.880000",
        "H        -0.430000     -1.870000     -0.880000"
      ],
      "freeze_atoms": [0, 1, 2, 3, 4, 5, 6],
      "symmetry": "auto"
    }
  }
}
